created_at,entry_id,field1,field2,field3,field4,field5,field6,field7,field8,latitude,longitude,elevation,status
2019-05-27 22:18:01 UTC,1,0,0,0,0,0,0,28,322,,,,
2019-05-27 22:18:18 UTC,2,0,0,0,0,0,0,28,510,,,,
2019-05-27 22:18:35 UTC,3,0,1,1,0,1,1,28,545,,,,
2019-05-27 22:18:51 UTC,4,1,2,2,1,2,2,28,499,,,,
2019-05-27 22:19:07 UTC,5,1,2,2,1,2,2,28,577,,,,
2019-05-27 22:19:23 UTC,6,2,3,4,2,3,4,28,653,,,,
2019-05-27 22:19:38 UTC,7,2,2,2,2,2,2,28,553,,,,
2019-05-27 22:19:54 UTC,8,2,2,3,2,2,3,28,682,,,,
2019-05-27 22:20:09 UTC,9,2,2,2,2,2,2,28,619,,,,
2019-05-27 22:20:25 UTC,10,2,3,3,2,3,3,28,674,,,,
2019-05-27 22:20:40 UTC,11,2,2,2,2,2,2,28,610,,,,
2019-05-27 22:20:56 UTC,12,2,4,4,2,4,4,28,19712,,,,
2019-05-27 22:21:11 UTC,13,2,3,3,2,3,3,28,642,,,,
2019-05-27 22:21:27 UTC,14,2,2,2,2,2,2,28,633,,,,
2019-05-27 22:21:43 UTC,15,1,2,2,1,2,2,28,604,,,,
2019-05-27 22:21:58 UTC,16,1,2,2,1,2,2,28,549,,,,
2019-05-27 22:22:14 UTC,17,2,3,3,2,3,3,28,714,,,,
2019-05-27 22:22:29 UTC,18,2,2,2,2,2,2,28,605,,,,
2019-05-27 22:22:45 UTC,19,2,2,2,2,2,2,28,664,,,,
2019-05-27 22:23:00 UTC,20,2,3,3,2,3,3,28,772,,,,
2019-05-27 22:23:16 UTC,21,2,3,3,2,3,3,28,766,,,,
2019-05-27 22:23:31 UTC,22,2,3,3,2,3,3,28,658,,,,
2019-05-27 22:23:47 UTC,23,2,2,2,2,2,2,28,657,,,,
2019-05-27 22:24:03 UTC,24,2,2,2,2,2,2,28,587,,,,
2019-05-27 22:24:18 UTC,25,1,3,3,1,3,3,28,612,,,,
2019-05-27 22:24:37 UTC,26,2,3,3,2,3,3,28,729,,,,
2019-05-27 22:24:53 UTC,27,2,3,3,2,3,3,28,719,,,,
2019-05-27 22:25:09 UTC,28,3,3,3,3,3,3,28,762,,,,
2019-05-27 22:25:25 UTC,29,2,3,3,2,3,3,28,637,,,,
2019-05-27 22:25:40 UTC,30,3,4,4,3,4,4,28,554,,,,
2019-05-27 22:25:56 UTC,31,2,4,5,2,4,5,28,653,,,,
2019-05-27 22:26:11 UTC,32,3,4,5,3,4,5,28,651,,,,
2019-05-27 22:26:27 UTC,33,3,4,4,3,4,4,28,599,,,,
2019-05-27 22:26:43 UTC,34,2,3,4,2,3,4,28,718,,,,
2019-05-27 22:26:58 UTC,35,2,3,4,2,3,4,28,644,,,,
2019-05-27 22:27:14 UTC,36,1,2,3,1,2,3,28,544,,,,
2019-05-27 22:27:29 UTC,37,0,1,2,0,1,2,28,322,,,,
2019-05-27 22:27:45 UTC,38,1,2,2,1,2,2,28,488,,,,
2019-05-27 22:28:01 UTC,39,1,2,2,1,2,2,28,518,,,,
2019-05-27 22:28:18 UTC,40,2,3,3,2,3,3,28,653,,,,
2019-05-27 22:28:34 UTC,41,2,3,3,2,3,3,28,634,,,,
2019-05-27 22:28:50 UTC,42,1,2,2,1,2,2,28,543,,,,
2019-05-27 22:29:05 UTC,43,1,2,2,1,2,2,28,517,,,,
2019-05-27 22:29:21 UTC,44,1,3,3,1,3,3,28,655,,,,
2019-05-27 22:29:36 UTC,45,2,2,2,2,2,2,28,686,,,,
2019-05-27 22:29:52 UTC,46,2,3,3,2,3,3,28,611,,,,
2019-05-27 22:30:07 UTC,47,19712,7168,512,768,768,512,66,151,,,,
2019-05-27 22:30:23 UTC,48,19712,7168,512,768,768,512,66,151,,,,
2019-05-27 22:30:39 UTC,49,2,2,2,2,2,2,28,675,,,,
2019-05-27 22:30:54 UTC,50,1,2,2,1,2,2,28,597,,,,
2019-05-27 22:31:10 UTC,51,2,2,2,2,2,2,28,570,,,,
2019-05-27 22:31:25 UTC,52,1,2,2,1,2,2,28,594,,,,
2019-05-27 22:31:43 UTC,53,2,2,2,2,2,2,28,600,,,,
2019-05-27 22:31:59 UTC,54,2,4,4,2,4,4,28,675,,,,
2019-05-27 22:32:14 UTC,55,2,3,4,2,3,4,28,732,,,,
2019-05-27 22:32:30 UTC,56,19712,7168,512,512,512,512,66,151,,,,
2019-05-27 22:32:45 UTC,57,1,2,3,1,2,3,28,601,,,,
2019-05-27 22:33:01 UTC,58,2,3,3,2,3,3,28,656,,,,
2019-05-27 22:33:17 UTC,59,2,3,3,2,3,3,28,578,,,,
2019-05-27 22:33:32 UTC,60,1,3,3,1,3,3,28,643,,,,
2019-05-27 22:33:50 UTC,61,2,3,3,2,3,3,28,746,,,,
2019-05-27 22:34:06 UTC,62,2,3,3,2,3,3,28,644,,,,
2019-05-27 22:34:22 UTC,63,3,4,4,3,4,4,28,583,,,,
2019-05-27 22:34:37 UTC,64,2,3,3,2,3,3,28,761,,,,
2019-05-27 22:34:52 UTC,65,2,3,3,2,3,3,28,661,,,,
2019-05-27 22:35:08 UTC,66,2,2,3,2,2,3,28,652,,,,
2019-05-27 22:35:24 UTC,67,1,1,1,1,1,1,28,460,,,,
2019-05-27 22:35:39 UTC,68,1,2,2,1,2,2,28,495,,,,
2019-05-27 22:35:57 UTC,69,1,2,2,1,2,2,28,550,,,,
2019-05-27 22:36:13 UTC,70,2,2,2,2,2,2,28,625,,,,
2019-05-27 22:36:28 UTC,71,2,3,3,2,3,3,28,713,,,,
2019-05-27 22:36:44 UTC,72,2,3,4,2,3,4,28,745,,,,
2019-05-27 22:36:59 UTC,73,2,2,3,2,2,3,28,618,,,,
2019-05-27 22:37:15 UTC,74,2,3,3,2,3,3,28,643,,,,
2019-05-27 22:37:31 UTC,75,2,2,3,2,2,3,28,653,,,,
2019-05-27 22:37:46 UTC,76,2,3,3,2,3,3,28,687,,,,
2019-05-27 22:38:02 UTC,77,2,3,3,2,3,3,28,690,,,,
2019-05-27 22:38:17 UTC,78,2,3,4,2,3,4,28,734,,,,
2019-05-27 22:38:33 UTC,79,2,2,4,2,2,4,28,727,,,,
2019-05-27 22:38:48 UTC,80,1,2,4,1,2,4,28,576,,,,
2019-05-27 22:39:04 UTC,81,1,2,2,1,2,2,28,570,,,,
2019-05-27 22:39:19 UTC,82,2,2,3,2,2,3,28,662,,,,
2019-05-27 22:39:35 UTC,83,2,2,3,2,2,3,28,654,,,,
2019-05-27 22:39:51 UTC,84,2,4,4,2,4,4,28,583,,,,
2019-05-27 22:40:06 UTC,85,2,3,3,2,3,3,28,687,,,,
2019-05-27 22:40:22 UTC,86,2,3,3,2,3,3,28,625,,,,
2019-05-27 22:40:37 UTC,87,2,3,3,2,3,3,28,512,,,,
2019-05-27 22:40:53 UTC,88,2,3,3,2,3,3,28,1024,,,,
2019-05-27 22:41:08 UTC,89,2,3,4,2,3,4,28,662,,,,
2019-05-27 22:41:24 UTC,90,2,3,3,2,3,3,28,603,,,,
2019-05-27 22:41:39 UTC,91,1,2,3,1,2,3,28,558,,,,
2019-05-27 22:41:55 UTC,92,1,2,3,1,2,3,28,569,,,,
2019-05-27 22:42:11 UTC,93,2,2,2,2,2,2,28,705,,,,
2019-05-27 22:42:27 UTC,94,2,3,3,2,3,3,28,527,,,,
2019-05-27 22:42:42 UTC,95,2,3,3,2,3,66,28,769,,,,
2019-05-27 22:43:02 UTC,96,2,2,2,2,2,2,28,571,,,,
2019-05-27 22:43:18 UTC,97,2,3,3,2,3,3,28,512,,,,
2019-05-27 22:43:36 UTC,98,2,2,2,2,2,2,28,580,,,,
2019-05-27 22:43:52 UTC,99,1,2,2,1,2,2,28,19712,,,,
2019-05-27 22:44:10 UTC,100,2,2,3,2,2,3,28,683,,,,
2019-05-27 22:44:25 UTC,101,2,2,2,2,2,2,28,612,,,,
2019-05-27 22:44:41 UTC,102,2,2,2,2,2,2,28,576,,,,
2019-05-27 22:44:56 UTC,103,2,2,3,2,2,3,28,564,,,,
2019-05-27 22:45:12 UTC,104,2,2,3,2,2,3,28,651,,,,
2019-05-27 22:45:27 UTC,105,2,3,3,2,3,3,28,679,,,,
2019-05-27 22:45:43 UTC,106,1,1,1,1,1,1,28,493,,,,
2019-05-27 22:46:01 UTC,107,2,3,3,2,3,3,28,633,,,,
2019-05-27 22:46:19 UTC,108,1,2,2,1,2,2,28,519,,,,
2019-05-27 22:47:03 UTC,109,1,1,1,1,1,1,28,525,,,,
2019-05-27 22:47:19 UTC,110,2,2,2,2,2,2,28,633,,,,
2019-05-27 22:47:34 UTC,111,2,2,2,2,2,2,28,656,,,,
2019-05-27 22:47:50 UTC,112,1,2,2,1,2,2,28,569,,,,
2019-05-27 22:48:06 UTC,113,2,2,2,2,2,2,28,601,,,,
2019-05-27 22:48:21 UTC,114,1,2,2,1,2,2,28,561,,,,
2019-05-27 22:48:36 UTC,115,1,2,2,1,2,2,28,584,,,,
2019-05-27 22:48:52 UTC,116,2,2,3,2,2,3,28,657,,,,
2019-05-27 22:49:08 UTC,117,2,3,3,2,3,3,28,688,,,,
2019-05-27 22:49:23 UTC,118,2,3,3,2,3,3,28,736,,,,
2019-05-27 22:49:39 UTC,119,2,2,2,2,2,2,28,652,,,,
2019-05-27 22:49:54 UTC,120,2,2,2,2,2,2,28,665,,,,
2019-05-27 22:50:10 UTC,121,2,2,2,2,2,2,28,622,,,,
2019-05-27 22:50:26 UTC,122,2,2,3,2,2,3,28,641,,,,
2019-05-27 22:50:41 UTC,123,2,3,3,2,3,3,28,667,,,,
2019-05-27 22:50:57 UTC,124,2,2,2,2,2,2,28,620,,,,
2019-05-27 22:51:12 UTC,125,2,2,2,2,2,2,28,580,,,,
2019-05-27 22:51:28 UTC,126,1,2,2,1,2,2,28,534,,,,
2019-05-27 22:51:43 UTC,127,2,2,3,2,2,3,28,646,,,,
2019-05-27 22:51:59 UTC,128,2,3,3,2,3,3,28,639,,,,
2019-05-27 22:52:14 UTC,129,2,3,3,2,3,3,28,649,,,,
2019-05-27 22:52:30 UTC,130,2,2,2,2,2,2,28,605,,,,
2019-05-27 22:52:45 UTC,131,2,2,2,2,2,2,28,652,,,,
2019-05-27 22:53:01 UTC,132,2,3,3,2,3,3,28,543,,,,
2019-05-27 22:53:16 UTC,133,2,3,3,2,3,3,28,604,,,,
2019-05-27 22:53:32 UTC,134,1,2,3,1,2,3,28,517,,,,
2019-05-27 22:53:48 UTC,135,2,2,3,2,2,3,28,618,,,,
2019-05-27 22:54:03 UTC,136,2,66,19712,7168,512,512,28,0,,,,
2019-05-27 22:54:19 UTC,137,2,3,3,2,3,3,28,540,,,,
2019-05-27 22:54:37 UTC,138,4096,0,0,151,2,31554,0,513,,,,
2019-05-27 22:54:52 UTC,139,1,2,2,1,2,2,28,548,,,,
2019-05-27 22:55:11 UTC,140,1,2,2,1,2,2,28,599,,,,
2019-05-27 22:55:26 UTC,141,2,3,3,2,3,3,28,671,,,,
2019-05-27 22:55:45 UTC,142,2,3,3,2,3,3,28,689,,,,
2019-05-27 22:56:03 UTC,143,2,3,4,2,3,4,28,748,,,,
2019-05-27 22:56:18 UTC,144,2,2,2,2,2,2,28,618,,,,
2019-05-27 22:56:34 UTC,145,1,2,2,1,2,2,28,552,,,,
2019-05-27 22:56:52 UTC,146,2,2,2,2,2,2,28,611,,,,
2019-05-27 22:57:07 UTC,147,1,2,2,1,2,2,28,592,,,,
2019-05-27 22:57:23 UTC,148,7168,512,512,768,512,512,19712,2,,,,
2019-05-27 22:57:38 UTC,149,2,3,3,2,3,3,28,731,,,,
2019-05-27 22:57:54 UTC,150,2,2,2,66,19712,7168,28,30720,,,,
2019-05-27 22:58:10 UTC,151,2,3,3,2,3,3,28,678,,,,
2019-05-27 22:58:25 UTC,152,1,2,2,1,2,2,28,573,,,,
2019-05-27 22:58:40 UTC,153,1,2,2,1,2,2,28,518,,,,
2019-05-27 22:58:56 UTC,154,2,3,3,2,3,3,28,578,,,,
2019-05-27 22:59:12 UTC,155,2,3,3,2,3,3,28,652,,,,
2019-05-27 22:59:27 UTC,156,2,3,3,2,3,3,28,715,,,,
2019-05-27 22:59:43 UTC,157,3,66,19712,7168,768,1024,28,512,,,,
2019-05-27 22:59:58 UTC,158,2,3,3,2,3,3,28,708,,,,
2019-05-27 23:00:14 UTC,159,2,3,3,2,3,3,28,642,,,,
2019-05-27 23:00:29 UTC,160,1,2,2,1,2,2,28,484,,,,
2019-05-27 23:00:45 UTC,161,1,2,2,1,2,2,28,523,,,,
2019-05-27 23:01:00 UTC,162,2,3,3,2,3,3,28,723,,,,
2019-05-27 23:01:19 UTC,163,2,2,2,2,2,2,28,610,,,,
2019-05-27 23:01:34 UTC,164,2,2,2,2,2,2,28,614,,,,
2019-05-27 23:01:50 UTC,165,1,2,2,1,2,2,28,520,,,,
2019-05-27 23:02:05 UTC,166,1,2,2,1,2,2,28,529,,,,
2019-05-27 23:02:21 UTC,167,1,3,3,1,3,3,28,565,,,,
2019-05-27 23:02:36 UTC,168,1,2,2,1,2,2,28,580,,,,
2019-05-27 23:02:52 UTC,169,1,2,2,1,2,2,28,594,,,,
2019-05-27 23:03:07 UTC,170,1,1,2,1,1,2,28,571,,,,
2019-05-27 23:03:23 UTC,171,1,2,2,1,2,2,28,514,,,,
2019-05-27 23:03:39 UTC,172,2,3,3,2,3,3,28,624,,,,
2019-05-27 23:03:54 UTC,173,2,3,3,2,3,3,28,678,,,,
2019-05-27 23:04:10 UTC,174,2,2,2,2,2,2,28,628,,,,
2019-05-27 23:04:25 UTC,175,1,2,2,1,2,2,28,528,,,,
2019-05-27 23:04:41 UTC,176,1,2,2,1,2,2,28,322,,,,
2019-05-27 23:04:56 UTC,177,1,2,2,1,2,2,28,503,,,,
2019-05-27 23:05:12 UTC,178,1,2,2,1,2,2,28,322,,,,
2019-05-27 23:05:27 UTC,179,1,2,2,1,2,2,28,19712,,,,
2019-05-27 23:05:43 UTC,180,1,3,3,1,3,3,28,621,,,,
2019-05-27 23:05:58 UTC,181,2,3,3,2,3,3,28,674,,,,
2019-05-27 23:06:14 UTC,182,2,3,4,2,3,4,28,578,,,,
2019-05-27 23:06:30 UTC,183,7168,256,512,512,256,512,19712,2,,,,
2019-05-27 23:06:45 UTC,184,66,19712,7168,512,512,512,28,0,,,,
2019-05-27 23:07:01 UTC,185,2,2,2,2,2,2,28,691,,,,
2019-05-27 23:07:16 UTC,186,1,2,2,1,2,2,28,595,,,,
2019-05-27 23:07:32 UTC,187,1,3,3,1,3,3,28,657,,,,
2019-05-27 23:07:47 UTC,188,1,2,3,1,2,3,28,586,,,,
2019-05-27 23:08:03 UTC,189,1,1,2,1,1,2,28,525,,,,
2019-05-27 23:08:21 UTC,190,7168,256,256,256,256,256,19712,2,,,,
2019-05-27 23:08:37 UTC,191,7168,512,512,512,512,512,19712,2,,,,
2019-05-27 23:08:52 UTC,192,2,2,2,2,2,2,28,603,,,,
2019-05-27 23:09:08 UTC,193,1,2,2,1,2,2,28,549,,,,
2019-05-27 23:09:23 UTC,194,1,2,2,1,2,2,28,571,,,,
2019-05-27 23:09:39 UTC,195,2,2,3,2,2,3,28,558,,,,
2019-05-27 23:09:54 UTC,196,1,2,2,1,2,2,28,549,,,,
2019-05-27 23:10:10 UTC,197,1,1,2,1,1,2,28,513,,,,
2019-05-27 23:10:25 UTC,198,2,2,3,2,66,19712,28,22784,,,,
2019-05-27 23:10:41 UTC,199,2,3,3,2,3,3,28,704,,,,
2019-05-27 23:10:57 UTC,200,2,3,4,2,3,4,28,540,,,,
2019-05-27 23:11:12 UTC,201,1,2,2,1,2,2,28,652,,,,
2019-05-27 23:11:28 UTC,202,1,1,1,1,1,1,28,469,,,,
2019-05-27 23:11:43 UTC,203,1,1,1,1,1,1,28,488,,,,
2019-05-27 23:11:59 UTC,204,1,1,1,1,1,1,28,484,,,,
2019-05-27 23:12:14 UTC,205,1,1,1,1,1,1,28,523,,,,
2019-05-27 23:12:32 UTC,206,2,2,2,2,2,2,28,618,,,,
2019-05-27 23:12:48 UTC,207,2,3,3,2,3,3,28,604,,,,
2019-05-27 23:13:04 UTC,208,2,2,3,2,2,3,28,580,,,,
2019-05-27 23:13:19 UTC,209,2,2,2,2,2,2,28,589,,,,
2019-05-27 23:13:35 UTC,210,2,3,3,2,3,3,28,659,,,,
2019-05-27 23:13:50 UTC,211,2,3,3,2,3,3,28,634,,,,
2019-05-27 23:14:06 UTC,212,2,2,2,2,2,2,28,593,,,,
2019-05-27 23:14:21 UTC,213,2,3,3,2,3,3,28,638,,,,
2019-05-27 23:14:37 UTC,214,2,2,2,2,2,2,28,639,,,,
2019-05-27 23:14:52 UTC,215,2,3,3,2,3,3,28,664,,,,
2019-05-27 23:15:08 UTC,216,2,3,3,2,3,3,28,671,,,,
2019-05-27 23:15:23 UTC,217,1,3,3,1,3,3,28,652,,,,
2019-05-27 23:15:39 UTC,218,2,3,3,2,3,3,28,686,,,,
2019-05-27 23:15:55 UTC,219,2,3,4,2,3,4,28,599,,,,
2019-05-27 23:16:10 UTC,220,2,4,5,2,4,5,28,721,,,,
2019-05-27 23:16:26 UTC,221,2,3,3,2,3,3,28,675,,,,
2019-05-27 23:16:41 UTC,222,2,2,2,2,2,2,28,581,,,,
2019-05-27 23:16:57 UTC,223,1,2,2,1,2,2,28,534,,,,
2019-05-27 23:17:12 UTC,224,2,2,3,2,2,3,28,600,,,,
2019-05-27 23:17:30 UTC,225,2,2,3,2,2,3,28,593,,,,
2019-05-27 23:18:12 UTC,226,2,3,3,2,3,3,28,708,,,,
2019-05-27 23:18:27 UTC,227,2,3,3,2,3,3,28,649,,,,
2019-05-27 23:18:46 UTC,228,3,3,3,3,3,3,28,534,,,,
2019-05-27 23:19:01 UTC,229,2,3,3,2,3,3,28,690,,,,
2019-05-27 23:19:17 UTC,230,2,3,3,2,3,3,28,642,,,,
2019-05-27 23:19:33 UTC,231,19712,7168,512,512,512,512,66,151,,,,
2019-05-27 23:19:48 UTC,232,2,3,3,2,3,3,28,663,,,,
2019-05-27 23:20:06 UTC,233,2,3,3,2,3,3,28,687,,,,
2019-05-27 23:20:22 UTC,234,2,3,3,2,3,3,28,743,,,,
2019-05-27 23:20:37 UTC,235,66,19712,7168,512,512,512,28,0,,,,
2019-05-27 23:20:55 UTC,236,1,2,2,1,2,2,28,595,,,,
2019-05-27 23:21:11 UTC,237,2,3,3,2,3,3,28,512,,,,
2019-05-27 23:21:26 UTC,238,2,3,3,2,3,3,28,662,,,,
2019-05-27 23:21:42 UTC,239,1,2,3,1,2,3,28,665,,,,
2019-05-27 23:21:58 UTC,240,1,1,2,1,1,2,28,527,,,,
2019-05-27 23:22:13 UTC,241,2,2,2,2,2,2,28,622,,,,
2019-05-27 23:22:29 UTC,242,2,2,2,2,2,2,28,617,,,,
2019-05-27 23:22:44 UTC,243,2,3,3,2,3,3,28,623,,,,
2019-05-27 23:23:00 UTC,244,2,3,3,2,3,3,28,673,,,,
2019-05-27 23:23:18 UTC,245,1,2,2,1,2,2,28,532,,,,
2019-05-27 23:23:36 UTC,246,1,2,2,1,2,2,28,8002,,,,
2019-05-27 23:23:51 UTC,247,2,2,3,2,2,3,28,512,,,,
2019-05-27 23:24:07 UTC,248,2,2,2,2,2,2,28,602,,,,
2019-05-27 23:24:25 UTC,249,2,2,4,2,2,4,28,740,,,,
2019-05-27 23:24:41 UTC,250,2,2,3,2,2,3,28,578,,,,
2019-05-27 23:24:56 UTC,251,2,2,2,2,2,2,28,610,,,,
2019-05-27 23:25:12 UTC,252,2,3,3,2,3,3,28,700,,,,
2019-05-27 23:25:27 UTC,253,2,3,3,2,3,3,28,654,,,,
2019-05-27 23:25:43 UTC,254,1,2,2,1,2,2,28,527,,,,
2019-05-27 23:25:59 UTC,255,1,2,2,1,2,2,28,560,,,,
2019-05-27 23:26:16 UTC,256,1,2,2,1,2,2,28,608,,,,
2019-05-27 23:26:32 UTC,257,2,2,2,2,2,2,28,624,,,,
2019-05-27 23:26:47 UTC,258,2,3,3,2,3,3,28,674,,,,
2019-05-27 23:27:03 UTC,259,1,2,3,1,2,3,28,590,,,,
2019-05-27 23:27:19 UTC,260,1,2,2,1,2,2,28,558,,,,
2019-05-27 23:27:34 UTC,261,2,2,2,2,2,2,28,531,,,,
2019-05-27 23:27:50 UTC,262,1,2,2,1,2,2,28,501,,,,
2019-05-27 23:28:05 UTC,263,1,3,3,1,3,3,28,584,,,,
2019-05-27 23:28:21 UTC,264,2,2,2,2,2,2,28,623,,,,
2019-05-27 23:28:36 UTC,265,2,4,4,2,4,4,28,708,,,,
2019-05-27 23:28:52 UTC,266,2,3,3,2,3,3,28,689,,,,
2019-05-27 23:29:08 UTC,267,2,3,3,2,3,3,28,19712,,,,
2019-05-27 23:29:23 UTC,268,2,2,3,2,2,3,28,636,,,,
2019-05-27 23:29:39 UTC,269,2,3,3,2,3,3,28,540,,,,
2019-05-27 23:29:54 UTC,270,2,3,4,2,3,4,28,530,,,,
2019-05-27 23:30:10 UTC,271,2,3,3,2,3,3,28,693,,,,
2019-05-27 23:30:25 UTC,272,2,3,3,2,3,3,28,736,,,,
2019-05-27 23:30:41 UTC,273,2,2,2,2,2,2,28,664,,,,
2019-05-27 23:30:56 UTC,274,1,1,2,1,1,2,28,519,,,,
2019-05-27 23:31:14 UTC,275,2,2,3,2,2,3,28,590,,,,
2019-05-27 23:31:33 UTC,276,2,2,2,2,2,2,28,586,,,,
2019-05-27 23:31:48 UTC,277,1,2,2,1,2,2,28,565,,,,
2019-05-27 23:32:04 UTC,278,2,2,2,2,2,2,28,603,,,,
2019-05-27 23:32:19 UTC,279,2,2,2,2,2,2,28,573,,,,
2019-05-27 23:32:35 UTC,280,1,2,2,1,2,2,28,624,,,,
2019-05-27 23:32:51 UTC,281,2,3,3,2,3,3,28,734,,,,
2019-05-27 23:33:06 UTC,282,3,3,3,3,3,3,28,547,,,,
2019-05-27 23:33:24 UTC,283,2,3,3,2,3,3,28,750,,,,
2019-05-27 23:33:40 UTC,284,2,3,3,2,3,3,28,744,,,,
2019-05-27 23:33:55 UTC,285,2,2,3,2,2,3,28,592,,,,
2019-05-27 23:34:11 UTC,286,2,3,3,2,3,3,28,656,,,,
2019-05-27 23:34:26 UTC,287,2,3,3,2,3,3,28,659,,,,
2019-05-27 23:34:42 UTC,288,1,2,51266,19712,7168,512,28,6400,,,,
2019-05-27 23:34:57 UTC,289,2,3,4,2,3,4,28,531,,,,
2019-05-27 23:35:13 UTC,290,2,3,3,2,3,3,28,705,,,,
2019-05-27 23:35:29 UTC,291,1,2,2,1,2,2,28,560,,,,
2019-05-27 23:35:44 UTC,292,1,2,2,1,2,2,28,522,,,,
2019-05-27 23:36:00 UTC,293,1,2,2,1,2,2,28,497,,,,
2019-05-27 23:36:15 UTC,294,2,3,3,2,3,3,28,724,,,,
2019-05-27 23:36:31 UTC,295,2,3,3,2,3,3,28,761,,,,
2019-05-27 23:36:46 UTC,296,2,2,2,2,2,2,28,643,,,,
2019-05-27 23:37:02 UTC,297,2,3,4,2,3,4,28,642,,,,
2019-05-27 23:37:17 UTC,298,1,2,3,1,2,3,28,558,,,,
2019-05-27 23:37:33 UTC,299,1,2,3,1,2,3,28,572,,,,
2019-05-27 23:37:49 UTC,300,1,2,2,1,2,2,28,546,,,,
2019-05-27 23:38:07 UTC,301,2,2,2,2,2,2,28,19712,,,,
2019-05-27 23:38:25 UTC,302,2,3,3,2,3,3,28,720,,,,
2019-05-27 23:38:40 UTC,303,1,2,2,1,2,2,28,569,,,,
2019-05-27 23:38:56 UTC,304,2,2,2,2,2,2,28,614,,,,
2019-05-27 23:39:11 UTC,305,1,2,2,1,2,2,28,609,,,,
2019-05-27 23:39:27 UTC,306,1,2,2,1,2,2,28,624,,,,
2019-05-27 23:39:45 UTC,307,1,2,2,1,2,2,28,548,,,,
2019-05-27 23:40:01 UTC,308,2,2,3,2,2,3,28,576,,,,
2019-05-27 23:40:16 UTC,309,1,2,2,1,2,2,28,528,,,,
2019-05-27 23:40:32 UTC,310,1,2,2,1,2,2,28,573,,,,
2019-05-27 23:40:47 UTC,311,1,2,2,1,2,2,28,538,,,,
2019-05-27 23:41:03 UTC,312,2,2,3,2,2,3,28,630,,,,
2019-05-27 23:41:18 UTC,313,2,4,6,2,4,6,28,580,,,,
2019-05-27 23:41:34 UTC,314,2,4,5,2,4,5,28,773,,,,
2019-05-27 23:41:49 UTC,315,2,2,3,2,2,3,28,673,,,,
2019-05-27 23:42:05 UTC,316,2,2,2,2,2,2,28,628,,,,
2019-05-27 23:42:21 UTC,317,2,3,3,66,19712,7168,28,35584,,,,
2019-05-27 23:42:36 UTC,318,2,4,4,2,4,4,28,559,,,,
2019-05-27 23:42:52 UTC,319,2,3,3,2,3,3,28,598,,,,
2019-05-27 23:43:07 UTC,320,2,2,2,2,2,2,28,600,,,,
2019-05-27 23:43:25 UTC,321,2,3,3,2,3,3,28,668,,,,
2019-05-27 23:43:41 UTC,322,2,3,4,2,3,4,28,746,,,,
2019-05-27 23:43:56 UTC,323,2,3,3,2,3,3,28,757,,,,
2019-05-27 23:44:12 UTC,324,2,3,3,2,3,3,28,650,,,,
2019-05-27 23:44:28 UTC,325,1,1,1,1,1,1,28,459,,,,
2019-05-27 23:44:43 UTC,326,1,1,1,1,1,1,28,471,,,,
2019-05-27 23:44:59 UTC,327,1,2,2,1,2,2,28,545,,,,
2019-05-27 23:45:17 UTC,328,1,3,3,66,19712,7168,28,30976,,,,
2019-05-27 23:45:32 UTC,329,2,3,3,2,3,3,28,759,,,,
2019-05-27 23:45:48 UTC,330,2,4,5,2,4,5,28,743,,,,
2019-05-27 23:46:03 UTC,331,2,3,4,2,3,4,28,684,,,,
2019-05-27 23:46:19 UTC,332,2,2,2,2,2,2,28,596,,,,
2019-05-27 23:46:35 UTC,333,2,2,3,2,2,3,28,666,,,,
2019-05-27 23:46:50 UTC,334,2,2,2,2,2,2,28,622,,,,
2019-05-27 23:47:06 UTC,335,1,2,2,1,2,2,28,628,,,,
2019-05-27 23:47:24 UTC,336,2,3,3,2,3,3,28,666,,,,
2019-05-27 23:47:39 UTC,337,2,4,4,2,4,4,28,727,,,,
2019-05-27 23:47:55 UTC,338,2,3,3,2,3,3,28,768,,,,
2019-05-27 23:48:13 UTC,339,2,3,3,2,3,3,28,684,,,,
2019-05-27 23:48:29 UTC,340,1,2,2,1,2,2,28,548,,,,
2019-05-27 23:48:44 UTC,341,1,1,2,1,1,2,28,525,,,,
2019-05-27 23:49:26 UTC,342,2,3,3,2,3,3,28,658,,,,
2019-05-27 23:49:41 UTC,343,1,2,2,1,2,2,28,533,,,,
2019-05-27 23:49:57 UTC,344,1,2,2,1,2,2,28,526,,,,
2019-05-27 23:50:12 UTC,345,1,2,2,1,2,2,28,511,,,,
2019-05-27 23:50:28 UTC,346,1,2,2,1,2,2,28,537,,,,
2019-05-27 23:50:43 UTC,347,2,2,2,2,2,2,28,639,,,,
2019-05-27 23:50:59 UTC,348,2,2,2,2,2,2,28,608,,,,
2019-05-27 23:51:14 UTC,349,2,2,3,2,2,3,28,640,,,,
2019-05-27 23:51:30 UTC,350,1,2,2,1,2,2,28,567,,,,
2019-05-27 23:51:45 UTC,351,1,2,2,1,2,2,28,564,,,,
2019-05-27 23:52:01 UTC,352,2,3,3,2,3,3,28,648,,,,
2019-05-27 23:52:17 UTC,353,1,2,2,1,2,2,28,581,,,,
2019-05-27 23:52:32 UTC,354,1,2,2,1,2,2,28,516,,,,
2019-05-27 23:52:48 UTC,355,2,2,2,2,2,2,28,568,,,,
2019-05-27 23:53:06 UTC,356,2,2,3,2,2,3,28,588,,,,
2019-05-27 23:53:21 UTC,357,2,2,2,2,2,2,28,606,,,,
2019-05-27 23:53:37 UTC,358,1,2,66,19712,7168,256,28,5376,,,,
2019-05-27 23:53:53 UTC,359,1,1,1,1,1,1,28,19712,,,,
2019-05-27 23:54:08 UTC,360,1,2,3,1,2,3,28,19712,,,,
2019-05-27 23:54:24 UTC,361,1,2,2,1,2,2,28,522,,,,
2019-05-27 23:54:39 UTC,362,1,2,2,1,2,2,28,600,,,,
2019-05-27 23:54:55 UTC,363,3,3,3,3,3,3,28,536,,,,
2019-05-27 23:55:10 UTC,364,2,2,2,2,2,2,28,739,,,,
2019-05-27 23:55:26 UTC,365,2,2,2,2,2,2,28,635,,,,
2019-05-27 23:55:41 UTC,366,1,1,1,1,1,1,28,499,,,,
2019-05-27 23:55:57 UTC,367,1,1,1,1,1,1,28,474,,,,
2019-05-27 23:56:13 UTC,368,2,2,2,2,2,2,28,596,,,,
2019-05-27 23:56:28 UTC,369,2,2,2,2,2,2,28,599,,,,
2019-05-27 23:56:44 UTC,370,1,2,2,1,2,2,28,531,,,,
2019-05-27 23:56:59 UTC,371,1,2,2,1,2,2,28,555,,,,
2019-05-27 23:57:15 UTC,372,2,2,2,2,2,2,28,626,,,,
2019-05-27 23:57:30 UTC,373,2,2,2,2,2,2,28,626,,,,
2019-05-27 23:57:46 UTC,374,1,2,2,1,2,2,28,537,,,,
2019-05-27 23:58:01 UTC,375,1,2,2,1,2,2,28,533,,,,
2019-05-27 23:58:17 UTC,376,1,2,2,1,2,2,28,551,,,,
2019-05-27 23:58:32 UTC,377,1,2,2,1,2,2,28,532,,,,
2019-05-27 23:58:48 UTC,378,1,2,2,1,2,2,28,518,,,,
2019-05-27 23:59:04 UTC,379,2,3,3,2,3,3,28,615,,,,
2019-05-27 23:59:19 UTC,380,2,3,3,2,3,3,28,616,,,,
2019-05-27 23:59:35 UTC,381,2,3,3,2,3,3,28,637,,,,
2019-05-27 23:59:50 UTC,382,2,2,3,2,2,3,28,589,,,,
2019-05-28 00:00:08 UTC,383,1,1,2,1,1,2,28,546,,,,
2019-05-28 00:00:24 UTC,384,2,2,2,2,2,2,28,587,,,,
2019-05-28 00:00:40 UTC,385,1,2,2,1,2,2,28,542,,,,
2019-05-28 00:00:57 UTC,386,1,2,2,1,66,19712,28,13568,,,,
2019-05-28 00:01:13 UTC,387,1,2,2,1,2,2,28,531,,,,
2019-05-28 00:01:29 UTC,388,1,2,2,1,2,2,28,19712,,,,
2019-05-28 00:01:44 UTC,389,1,2,2,1,2,2,28,561,,,,
2019-05-28 00:02:00 UTC,390,2,3,3,2,3,3,28,512,,,,
2019-05-28 00:02:15 UTC,391,2,2,2,2,2,2,28,638,,,,
2019-05-28 00:02:31 UTC,392,1,1,66,19712,7168,256,28,3328,,,,
2019-05-28 00:02:49 UTC,393,2,2,2,2,2,2,28,570,,,,
2019-05-28 00:03:05 UTC,394,1,3,3,1,3,3,28,646,,,,
2019-05-28 00:03:20 UTC,395,1,2,2,1,2,2,28,596,,,,
2019-05-28 00:03:36 UTC,396,2,2,2,2,2,2,28,610,,,,
2019-05-28 00:03:51 UTC,397,2,3,3,2,3,3,28,674,,,,
2019-05-28 00:04:07 UTC,398,1,2,2,1,2,2,28,508,,,,
2019-05-28 00:04:22 UTC,399,1,2,2,1,2,2,28,584,,,,
2019-05-28 00:04:40 UTC,400,1,66,19712,7168,256,512,28,0,,,,
2019-05-28 00:04:56 UTC,401,2,2,2,2,2,2,28,561,,,,
2019-05-28 00:05:11 UTC,402,2,2,3,2,2,3,28,654,,,,
2019-05-28 00:05:27 UTC,403,2,3,3,2,3,3,28,510,,,,
2019-05-28 00:05:43 UTC,404,2,3,3,2,3,3,28,682,,,,
2019-05-28 00:06:01 UTC,405,2,3,3,2,3,3,28,608,,,,
2019-05-28 00:06:16 UTC,406,2,2,2,2,2,2,28,610,,,,
2019-05-28 00:06:32 UTC,407,2,2,2,2,2,2,28,651,,,,
2019-05-28 00:06:47 UTC,408,19712,7168,512,512,512,512,66,151,,,,
2019-05-28 00:07:03 UTC,409,19712,7168,512,512,768,512,66,151,,,,
2019-05-28 00:07:18 UTC,410,2,3,3,2,3,3,28,606,,,,
2019-05-28 00:07:34 UTC,411,2,3,3,2,3,3,28,720,,,,
2019-05-28 00:07:50 UTC,412,2,3,3,2,3,3,28,702,,,,
2019-05-28 00:08:05 UTC,413,2,3,3,2,3,3,28,630,,,,
2019-05-28 00:08:21 UTC,414,2,3,4,2,3,4,28,757,,,,
2019-05-28 00:08:36 UTC,415,2,3,3,2,3,3,28,713,,,,
2019-05-28 00:08:52 UTC,416,2,3,3,2,3,3,28,707,,,,
2019-05-28 00:09:07 UTC,417,2,2,3,2,2,3,28,628,,,,
2019-05-28 00:09:23 UTC,418,2,3,4,2,3,4,28,699,,,,
2019-05-28 00:09:38 UTC,419,2,3,3,2,3,3,28,709,,,,
2019-05-28 00:09:54 UTC,420,2,3,3,2,3,3,28,749,,,,
2019-05-28 00:10:09 UTC,421,2,3,3,2,3,3,28,516,,,,
2019-05-28 00:10:25 UTC,422,3,3,4,3,3,4,28,755,,,,
2019-05-28 00:10:40 UTC,423,3,3,4,3,3,4,28,649,,,,
2019-05-28 00:10:56 UTC,424,66,19712,7168,768,1024,1024,28,0,,,,
2019-05-28 00:11:12 UTC,425,3,4,4,3,4,4,28,664,,,,
2019-05-28 00:11:27 UTC,426,4,4,5,4,66,19712,28,40960,,,,
2019-05-28 00:11:43 UTC,427,4,5,6,4,5,6,28,1024,,,,
2019-05-28 00:11:58 UTC,428,4,6,6,4,6,6,28,802,,,,
2019-05-28 00:12:14 UTC,429,4,7,7,4,7,7,28,656,,,,
2019-05-28 00:12:30 UTC,430,4,5,6,4,5,6,28,844,,,,
2019-05-28 00:12:45 UTC,431,4,6,7,4,6,7,28,477,,,,
2019-05-28 00:13:00 UTC,432,4,6,7,4,6,7,28,645,,,,
2019-05-28 00:13:16 UTC,433,5,7,8,5,7,8,28,535,,,,
2019-05-28 00:13:32 UTC,434,5,6,9,5,6,9,28,518,,,,
2019-05-28 00:13:47 UTC,435,5,7,9,5,7,9,28,565,,,,
2019-05-28 00:14:03 UTC,436,4,6,6,4,6,6,28,873,,,,
2019-05-28 00:14:18 UTC,437,4,5,5,4,5,5,28,810,,,,
2019-05-28 00:14:34 UTC,438,4,4,5,4,4,5,28,812,,,,
2019-05-28 00:14:49 UTC,439,4,4,5,4,4,5,28,825,,,,
2019-05-28 00:15:05 UTC,440,5,6,8,5,6,8,28,566,,,,
2019-05-28 00:15:20 UTC,441,5,8,8,5,8,8,28,717,,,,
2019-05-28 00:15:36 UTC,442,6,8,9,6,8,9,28,512,,,,
2019-05-28 00:15:52 UTC,443,7,10,11,7,10,11,28,792,,,,
2019-05-28 00:16:07 UTC,444,5,8,8,5,8,8,28,670,,,,
2019-05-28 00:16:23 UTC,445,5,6,8,5,6,8,28,531,,,,
2019-05-28 00:16:38 UTC,446,5,7,9,5,7,9,28,686,,,,
2019-05-28 00:16:54 UTC,447,5,9,10,5,9,10,28,718,,,,
2019-05-28 00:17:10 UTC,448,5,8,10,5,8,10,28,501,,,,
2019-05-28 00:17:25 UTC,449,5,7,7,5,7,7,28,617,,,,
2019-05-28 00:17:40 UTC,450,5,6,6,5,6,6,28,477,,,,
2019-05-28 00:17:56 UTC,451,5,6,7,5,6,7,28,601,,,,
2019-05-28 00:18:11 UTC,452,6,7,7,6,7,7,28,700,,,,
2019-05-28 00:18:27 UTC,453,5,5,5,5,5,5,28,495,,,,
2019-05-28 00:18:43 UTC,454,6,7,7,6,7,7,28,489,,,,
2019-05-28 00:19:01 UTC,455,6,8,9,6,8,9,28,533,,,,
2019-05-28 00:19:16 UTC,456,5,7,7,5,7,7,28,597,,,,
2019-05-28 00:19:32 UTC,457,6,8,8,6,8,8,28,531,,,,
2019-05-28 00:19:47 UTC,458,8,10,12,8,10,12,28,638,,,,
2019-05-28 00:20:16 UTC,459,6,9,11,6,9,11,28,600,,,,
2019-05-28 00:20:31 UTC,460,5,8,9,5,8,9,28,621,,,,
2019-05-28 00:20:48 UTC,461,5,8,9,5,8,9,28,550,,,,
2019-05-28 00:21:08 UTC,462,7,8,10,7,8,10,28,602,,,,
2019-05-28 00:21:23 UTC,463,6,8,10,6,8,10,28,566,,,,
2019-05-28 00:21:39 UTC,464,5,7,8,5,7,8,28,550,,,,
2019-05-28 00:21:54 UTC,465,4,6,8,4,6,8,28,566,,,,
2019-05-28 00:22:10 UTC,466,5,8,8,5,8,8,28,678,,,,
2019-05-28 00:22:25 UTC,467,5,8,9,5,8,9,28,684,,,,
2019-05-28 00:22:41 UTC,468,6,10,10,6,10,10,28,770,,,,
2019-05-28 00:22:57 UTC,469,5,7,7,5,7,7,28,596,,,,
2019-05-28 00:23:12 UTC,470,5,7,7,5,7,7,28,620,,,,
2019-05-28 00:23:28 UTC,471,7168,1536,1792,2048,1536,1792,19712,2,,,,
2019-05-28 00:23:43 UTC,472,7168,1280,1792,1792,1280,1792,19712,2,,,,
2019-05-28 00:23:59 UTC,473,19712,7168,1280,1792,1792,1280,66,151,,,,
2019-05-28 00:24:14 UTC,474,5,7,7,5,7,7,28,680,,,,
2019-05-28 00:24:30 UTC,475,6,8,8,6,8,8,28,507,,,,
2019-05-28 00:24:46 UTC,476,4,6,6,4,6,6,28,708,,,,
2019-05-28 00:25:01 UTC,477,4,5,6,4,5,6,28,658,,,,
2019-05-28 00:25:17 UTC,478,5,6,7,5,6,7,28,1536,,,,
2019-05-28 00:25:32 UTC,479,5,6,7,5,6,7,28,589,,,,
2019-05-28 00:25:48 UTC,480,5,8,8,5,8,8,28,643,,,,
2019-05-28 00:26:03 UTC,481,5,7,7,5,7,7,28,550,,,,
2019-05-28 00:26:19 UTC,482,4,6,6,4,6,6,28,689,,,,
2019-05-28 00:26:34 UTC,483,4,5,6,4,5,6,28,669,,,,
2019-05-28 00:26:50 UTC,484,4,6,6,4,6,6,28,451,,,,
2019-05-28 00:27:05 UTC,485,5,6,7,5,6,7,28,694,,,,
2019-05-28 00:27:21 UTC,486,5,6,7,5,6,7,28,581,,,,
2019-05-28 00:27:36 UTC,487,4,7,7,4,7,7,28,531,,,,
2019-05-28 00:27:52 UTC,488,4,6,6,4,6,6,28,694,,,,
2019-05-28 00:28:08 UTC,489,4,5,5,4,5,5,28,628,,,,
2019-05-28 00:28:26 UTC,490,5,7,7,5,7,7,28,513,,,,
2019-05-28 00:28:41 UTC,491,4,6,7,4,6,7,28,441,,,,
2019-05-28 00:28:57 UTC,492,3,5,5,3,5,5,28,803,,,,
2019-05-28 00:29:12 UTC,493,4,5,5,4,5,5,28,659,,,,
2019-05-28 00:29:28 UTC,494,4,5,5,4,5,5,28,865,,,,
2019-05-28 00:29:43 UTC,495,3,5,5,3,5,5,28,736,,,,
2019-05-28 00:29:59 UTC,496,5,6,7,5,6,7,28,478,,,,
2019-05-28 00:30:15 UTC,497,4,7,8,4,7,8,28,533,,,,
2019-05-28 00:30:30 UTC,498,4,7,8,4,7,8,28,505,,,,
2019-05-28 00:30:46 UTC,499,4,5,5,4,5,5,28,673,,,,
2019-05-28 00:31:01 UTC,500,3,5,5,3,5,5,28,732,,,,
2019-05-28 00:31:17 UTC,501,4,5,6,4,5,6,28,827,,,,
2019-05-28 00:31:32 UTC,502,3,5,5,3,5,5,28,756,,,,
2019-05-28 00:31:48 UTC,503,3,4,5,3,4,5,28,667,,,,
2019-05-28 00:32:03 UTC,504,4,6,6,4,6,6,28,659,,,,
2019-05-28 00:32:19 UTC,505,5,7,7,5,7,7,28,520,,,,
2019-05-28 00:32:34 UTC,506,4,6,6,4,6,6,28,668,,,,
2019-05-28 00:32:50 UTC,507,4,6,6,4,6,6,28,437,,,,
2019-05-28 00:33:06 UTC,508,4,6,6,4,6,6,28,1792,,,,
2019-05-28 00:33:21 UTC,509,4,6,8,4,6,8,28,517,,,,
2019-05-28 00:33:37 UTC,510,6,9,12,6,9,12,28,713,,,,
2019-05-28 00:33:52 UTC,511,7,10,14,7,10,14,28,832,,,,
2019-05-28 00:34:08 UTC,512,7,9,10,7,66,19712,28,52737,,,,
2019-05-28 00:34:25 UTC,513,7,10,10,7,10,10,28,19712,,,,
2019-05-28 00:34:42 UTC,514,8,12,12,8,12,12,28,761,,,,
2019-05-28 00:34:57 UTC,515,8,12,15,8,12,15,28,759,,,,
2019-05-28 00:35:13 UTC,516,19712,7168,2048,3328,4096,2048,66,151,,,,
2019-05-28 00:35:28 UTC,517,19712,7168,1792,2560,2560,1792,66,151,,,,
2019-05-28 00:35:44 UTC,518,8,10,11,8,10,11,28,755,,,,
2019-05-28 00:35:59 UTC,519,7,10,10,7,10,10,28,813,,,,
2019-05-28 00:36:15 UTC,520,7,9,10,7,9,10,28,674,,,,
2019-05-28 00:36:30 UTC,521,8,11,11,8,11,11,28,687,,,,
2019-05-28 00:36:46 UTC,522,8,11,12,8,11,12,28,773,,,,
2019-05-28 00:37:01 UTC,523,7,10,11,7,10,11,28,768,,,,
2019-05-28 00:37:17 UTC,524,6,11,11,6,11,11,28,759,,,,
2019-05-28 00:37:33 UTC,525,6,11,12,6,11,12,28,2816,,,,
2019-05-28 00:37:48 UTC,526,7,10,12,7,10,12,28,803,,,,
2019-05-28 00:38:04 UTC,527,6,9,10,6,9,10,28,576,,,,
2019-05-28 00:38:19 UTC,528,6,7,8,6,7,8,28,705,,,,
2019-05-28 00:38:35 UTC,529,6,8,9,6,8,9,28,512,,,,
2019-05-28 00:38:50 UTC,530,6,9,10,6,9,10,28,637,,,,
2019-05-28 00:39:06 UTC,531,8,10,11,8,10,11,28,839,,,,
2019-05-28 00:39:22 UTC,532,6,10,11,6,10,11,28,629,,,,
2019-05-28 00:39:37 UTC,533,8,10,11,8,10,11,28,632,,,,
2019-05-28 00:39:53 UTC,534,19712,7168,2048,2816,3584,2048,66,151,,,,
2019-05-28 00:40:08 UTC,535,19712,7168,2048,3072,3840,2048,66,151,,,,
2019-05-28 00:40:24 UTC,536,0,151,2,30018,19712,7168,0,24064,,,,
2019-05-28 00:40:39 UTC,537,6,9,9,6,9,9,28,642,,,,
2019-05-28 00:40:55 UTC,538,6,10,13,6,10,13,28,686,,,,
2019-05-28 00:41:11 UTC,539,6,10,12,6,10,12,28,754,,,,
2019-05-28 00:41:26 UTC,540,6,9,10,6,9,10,28,627,,,,
2019-05-28 00:41:42 UTC,541,7,10,11,7,10,11,28,714,,,,
2019-05-28 00:41:57 UTC,542,7,11,16,7,11,16,28,709,,,,
2019-05-28 00:42:13 UTC,543,6,12,14,6,12,14,28,774,,,,
2019-05-28 00:42:32 UTC,544,7,13,15,7,13,15,28,843,,,,
2019-05-28 00:42:47 UTC,545,7,12,12,7,12,12,28,644,,,,
2019-05-28 00:43:03 UTC,546,7,11,12,7,11,12,28,1792,,,,
2019-05-28 00:43:18 UTC,547,7,12,15,7,12,15,28,1792,,,,
2019-05-28 00:43:34 UTC,548,8,14,16,8,14,16,28,764,,,,
2019-05-28 00:43:50 UTC,549,9,12,18,9,12,18,28,742,,,,
2019-05-28 00:44:05 UTC,550,9,15,19,9,15,19,28,785,,,,
2019-05-28 00:44:23 UTC,551,8,15,19,8,15,19,28,947,,,,
2019-05-28 00:44:41 UTC,552,10,15,18,10,15,18,28,770,,,,
2019-05-28 00:44:57 UTC,553,11,16,19,11,16,19,28,730,,,,
2019-05-28 00:45:13 UTC,554,15,23,26,15,23,26,28,1068,,,,
2019-05-28 00:45:28 UTC,555,16,23,30,16,23,30,28,832,,,,
2019-05-28 00:45:44 UTC,556,15,24,31,15,24,31,28,932,,,,
2019-05-28 00:46:00 UTC,557,16,22,28,16,22,28,28,768,,,,
2019-05-28 00:46:15 UTC,558,19,29,33,19,29,33,28,1059,,,,
2019-05-28 00:46:31 UTC,559,22,33,40,21,32,40,28,944,,,,
2019-05-28 00:46:50 UTC,560,22,35,46,21,34,66,28,12046,,,,
2019-05-28 00:47:05 UTC,561,23,35,43,22,34,43,28,1166,,,,
2019-05-28 00:47:21 UTC,562,29,43,49,25,39,49,28,1150,,,,
2019-05-28 00:47:37 UTC,563,29,44,53,25,40,52,28,1153,,,,
2019-05-28 00:47:54 UTC,564,35,50,63,29,42,58,28,1051,,,,
2019-05-28 00:48:12 UTC,565,55,87,104,37,58,78,28,1354,,,,
2019-05-28 00:48:31 UTC,566,76,123,144,50,81,95,28,1722,,,,
2019-05-28 00:48:47 UTC,567,111,177,213,73,117,142,28,1893,,,,
2019-05-28 00:49:05 UTC,568,119,193,228,78,127,152,28,1819,,,,
2019-05-28 00:49:21 UTC,569,105,173,205,69,115,136,28,1687,,,,
2019-05-28 00:49:38 UTC,570,108,174,202,71,116,133,28,1622,,,,
2019-05-28 00:49:56 UTC,571,103,163,197,68,108,130,28,1705,,,,
2019-05-28 00:50:13 UTC,572,94,157,200,61,104,132,28,1740,,,,
2019-05-28 00:50:30 UTC,573,96,153,190,63,101,126,28,1696,,,,
2019-05-28 00:50:46 UTC,574,87,141,187,56,93,123,28,1799,,,,
2019-05-28 00:51:03 UTC,575,87,140,177,57,92,117,28,1822,,,,
2019-05-28 00:51:20 UTC,576,80,135,163,52,89,108,28,1620,,,,
2019-05-28 00:51:38 UTC,577,81,133,162,53,87,107,28,1633,,,,
2019-05-28 00:51:55 UTC,578,76,127,163,50,84,108,28,1329,,,,
2019-05-28 00:52:12 UTC,579,73,120,149,48,79,99,28,1632,,,,
2019-05-28 00:52:28 UTC,580,76,129,151,50,85,100,28,1533,,,,
2019-05-28 00:52:43 UTC,581,69,115,141,45,76,93,28,1445,,,,
2019-05-28 00:52:59 UTC,582,72,118,145,47,77,95,28,1719,,,,
2019-05-28 00:53:16 UTC,583,72,111,132,47,73,87,28,1449,,,,
2019-05-28 00:53:32 UTC,584,66,106,131,43,70,87,28,1374,,,,
2019-05-28 00:53:50 UTC,585,64,106,128,42,70,87,28,1383,,,,
2019-05-28 00:54:06 UTC,586,63,108,126,41,71,86,28,1501,,,,
2019-05-28 00:54:23 UTC,587,57,99,122,38,65,85,28,1356,,,,
2019-05-28 00:54:40 UTC,588,63,100,117,41,66,83,28,1035,,,,
2019-05-28 00:54:57 UTC,589,59,92,111,39,60,81,28,1139,,,,
2019-05-28 00:55:13 UTC,590,54,86,107,37,59,80,28,1197,,,,
2019-05-28 00:55:29 UTC,591,48,79,97,35,55,75,28,1531,,,,
2019-05-28 00:55:46 UTC,592,54,87,104,37,58,78,28,1420,,,,
2019-05-28 00:56:04 UTC,593,47,79,96,34,55,74,28,1456,,,,
2019-05-28 00:56:20 UTC,594,49,81,101,36,56,77,28,1390,,,,
2019-05-28 00:56:36 UTC,595,49,82,93,35,57,74,28,1462,,,,
2019-05-28 00:56:52 UTC,596,48,76,87,35,54,70,28,1333,,,,
2019-05-28 00:57:11 UTC,597,44,73,88,33,53,70,28,1164,,,,
2019-05-28 00:57:27 UTC,598,44,72,87,33,52,70,28,1150,,,,
2019-05-28 00:57:43 UTC,599,44,73,84,33,52,68,28,1220,,,,
2019-05-28 00:57:59 UTC,600,45,72,84,33,51,67,28,1211,,,,
2019-05-28 00:58:15 UTC,601,46,74,86,33,53,69,28,1163,,,,
2019-05-28 00:58:31 UTC,602,41,68,77,32,50,65,28,1157,,,,
2019-05-28 00:58:47 UTC,603,40,67,76,31,50,65,28,1133,,,,
2019-05-28 00:59:03 UTC,604,39,62,71,31,48,62,28,1227,,,,
2019-05-28 00:59:18 UTC,605,39,61,76,30,48,65,28,19712,,,,
2019-05-28 00:59:35 UTC,606,34,57,62,29,46,57,28,1001,,,,
2019-05-28 00:59:53 UTC,607,34,59,66,28,47,59,28,1113,,,,
2019-05-28 01:00:09 UTC,608,31,54,63,26,45,56,28,873,,,,
2019-05-28 01:00:24 UTC,609,31,53,67,26,43,60,28,1054,,,,
2019-05-28 01:00:40 UTC,610,31,52,62,27,43,56,28,1032,,,,
2019-05-28 01:00:56 UTC,611,31,54,64,26,45,57,28,946,,,,
2019-05-28 01:01:11 UTC,612,31,51,56,26,42,53,28,861,,,,
2019-05-28 01:01:27 UTC,613,35,53,62,29,44,57,28,1050,,,,
2019-05-28 01:01:43 UTC,614,32,48,62,28,42,57,28,821,,,,
2019-05-28 01:01:59 UTC,615,30,48,53,26,41,51,28,1084,,,,
2019-05-28 01:02:15 UTC,616,30,44,52,26,39,50,28,830,,,,
2019-05-28 01:02:31 UTC,617,29,47,59,26,41,55,28,1011,,,,
2019-05-28 01:02:46 UTC,618,30,48,60,26,41,55,28,1135,,,,
2019-05-28 01:03:02 UTC,619,28,50,56,25,42,53,28,1110,,,,
2019-05-28 01:03:19 UTC,620,27,43,51,24,38,50,28,723,,,,
2019-05-28 01:03:36 UTC,621,27,43,48,24,38,47,28,741,,,,
2019-05-28 01:03:52 UTC,622,25,42,48,23,38,48,28,897,,,,
2019-05-28 01:04:08 UTC,623,25,42,46,23,38,46,28,853,,,,
2019-05-28 01:04:23 UTC,624,24,40,48,23,37,47,28,1041,,,,
2019-05-28 01:04:41 UTC,625,25,43,49,23,38,48,28,765,,,,
2019-05-28 01:04:57 UTC,626,26,40,45,24,37,45,28,686,,,,
2019-05-28 01:05:13 UTC,627,27,39,45,24,36,45,28,869,,,,
2019-05-28 01:05:28 UTC,628,24,37,43,23,35,43,28,987,,,,
2019-05-28 01:05:44 UTC,629,23,39,49,22,36,48,28,1053,,,,
2019-05-28 01:06:00 UTC,630,23,36,46,22,34,46,28,961,,,,
2019-05-28 01:06:15 UTC,631,22,33,39,21,32,39,28,990,,,,
2019-05-28 01:06:31 UTC,632,23,34,43,22,33,43,28,926,,,,
2019-05-28 01:06:47 UTC,633,24,34,41,23,32,41,28,1068,,,,
2019-05-28 01:07:03 UTC,634,21,35,42,21,34,42,28,886,,,,
2019-05-28 01:07:20 UTC,635,20,30,34,20,30,34,28,1062,,,,
2019-05-28 01:07:36 UTC,636,22,34,40,21,33,40,28,834,,,,
2019-05-28 01:07:53 UTC,637,21,30,36,21,30,36,28,792,,,,
2019-05-28 01:08:09 UTC,638,19,26,35,19,26,35,28,1050,,,,
2019-05-28 01:08:25 UTC,639,19,30,35,19,30,35,28,1147,,,,
2019-05-28 01:08:40 UTC,640,18,27,33,18,27,33,28,832,,,,
2019-05-28 01:08:56 UTC,641,17,25,34,17,25,34,28,1019,,,,
2019-05-28 01:09:12 UTC,642,20,30,35,20,30,35,28,968,,,,
2019-05-28 01:09:28 UTC,643,18,29,35,18,29,35,28,975,,,,
2019-05-28 01:09:43 UTC,644,17,26,28,17,26,28,28,898,,,,
2019-05-28 01:09:59 UTC,645,66,19712,7168,4352,6912,8192,28,1536,,,,
2019-05-28 01:10:14 UTC,646,18,28,38,18,28,38,28,944,,,,
2019-05-28 01:10:30 UTC,647,17,23,26,17,23,26,28,839,,,,
2019-05-28 01:10:45 UTC,648,17,25,28,17,25,28,28,758,,,,
2019-05-28 01:11:01 UTC,649,15,24,24,15,24,24,28,811,,,,
2019-05-28 01:11:16 UTC,650,15,23,25,15,23,25,28,1076,,,,
2019-05-28 01:11:32 UTC,651,14,25,33,14,25,33,28,879,,,,
2019-05-28 01:11:50 UTC,652,16,26,33,16,26,33,28,818,,,,
2019-05-28 01:12:06 UTC,653,16,22,29,16,22,29,28,666,,,,
2019-05-28 01:12:22 UTC,654,66,19712,7168,3584,5632,6656,28,1792,,,,
2019-05-28 01:12:37 UTC,655,7168,3328,5632,6400,3328,5632,19712,3,,,,
2019-05-28 01:12:53 UTC,656,13,22,24,13,22,24,28,1045,,,,
2019-05-28 01:13:09 UTC,657,12,20,23,12,20,23,28,807,,,,
2019-05-28 01:13:25 UTC,658,13,23,25,13,23,25,28,959,,,,
2019-05-28 01:13:40 UTC,659,12,20,24,12,20,24,28,854,,,,
2019-05-28 01:14:00 UTC,660,10,17,19,10,17,19,28,699,,,,
2019-05-28 01:14:16 UTC,661,12,20,23,12,20,23,28,773,,,,
2019-05-28 01:14:31 UTC,662,11,18,23,11,18,23,28,832,,,,
2019-05-28 01:14:47 UTC,663,11,20,25,11,20,25,28,977,,,,
2019-05-28 01:15:03 UTC,664,12,19,21,12,19,21,28,790,,,,
2019-05-28 01:15:18 UTC,665,12,20,22,12,20,22,28,811,,,,
2019-05-28 01:15:34 UTC,666,11,17,20,11,17,20,28,778,,,,
2019-05-28 01:15:49 UTC,667,11,18,21,11,18,21,28,846,,,,
2019-05-28 01:16:07 UTC,668,12,19,21,12,19,21,28,781,,,,
2019-05-28 01:16:23 UTC,669,10,16,19,10,16,19,28,693,,,,
2019-05-28 01:16:38 UTC,670,10,16,20,10,16,20,28,784,,,,
2019-05-28 01:16:54 UTC,671,10,17,21,10,17,21,28,630,,,,
2019-05-28 01:17:10 UTC,672,12,17,18,12,17,18,28,708,,,,
2019-05-28 01:17:25 UTC,673,11,16,19,11,16,19,28,633,,,,
2019-05-28 01:17:41 UTC,674,13,21,22,13,21,22,28,886,,,,
2019-05-28 01:17:56 UTC,675,12,19,22,12,19,22,28,918,,,,
2019-05-28 01:18:12 UTC,676,9,13,20,9,13,20,28,819,,,,
2019-05-28 01:18:27 UTC,677,11,19,23,11,19,23,28,843,,,,
2019-05-28 01:18:46 UTC,678,9,16,16,9,16,16,28,871,,,,
2019-05-28 01:19:02 UTC,679,9,15,15,9,15,15,28,769,,,,
2019-05-28 01:19:18 UTC,680,8,13,14,8,13,14,28,925,,,,
2019-05-28 01:19:33 UTC,681,9,66,19712,7168,2304,3584,28,2816,,,,
2019-05-28 01:19:48 UTC,682,8,14,16,8,14,16,28,791,,,,
2019-05-28 01:20:04 UTC,683,8,12,12,8,12,12,28,873,,,,
2019-05-28 01:20:19 UTC,684,7,13,15,7,13,15,28,837,,,,
2019-05-28 01:20:35 UTC,685,9,13,16,9,13,16,28,773,,,,
2019-05-28 01:20:50 UTC,686,8,11,14,8,11,14,28,865,,,,
2019-05-28 01:21:06 UTC,687,9,11,14,9,11,14,28,876,,,,
2019-05-28 01:21:21 UTC,688,8,11,11,8,11,11,28,735,,,,
2019-05-28 01:21:37 UTC,689,7,12,12,7,12,12,28,725,,,,
2019-05-28 01:21:53 UTC,690,7,10,11,7,10,11,28,796,,,,
2019-05-28 01:22:08 UTC,691,8,11,12,8,11,12,28,741,,,,
2019-05-28 01:22:55 UTC,692,6,11,13,6,11,13,28,702,,,,
2019-05-28 01:23:10 UTC,693,7,10,12,7,10,12,28,628,,,,
2019-05-28 01:23:26 UTC,694,8,10,11,8,10,11,28,776,,,,
2019-05-28 01:23:42 UTC,695,7,11,11,7,11,11,28,703,,,,
2019-05-28 01:23:57 UTC,696,7,11,14,7,11,14,28,714,,,,
2019-05-28 01:24:13 UTC,697,7,11,14,66,19712,7168,28,33792,,,,
2019-05-28 01:24:28 UTC,698,7,9,10,7,9,10,28,738,,,,
2019-05-28 01:24:45 UTC,699,7,9,9,7,9,9,28,752,,,,
2019-05-28 01:25:04 UTC,700,6,9,11,6,9,11,28,622,,,,
2019-05-28 01:25:20 UTC,701,6,9,11,6,9,11,28,600,,,,
2019-05-28 01:25:35 UTC,702,6,10,12,6,10,12,28,578,,,,
2019-05-28 01:25:51 UTC,703,6,9,10,6,9,10,28,717,,,,
2019-05-28 01:26:06 UTC,704,6,8,9,6,8,9,28,577,,,,
2019-05-28 01:26:22 UTC,705,6,8,9,6,8,9,28,506,,,,
2019-05-28 01:26:38 UTC,706,66,19712,7168,1536,2304,2560,28,512,,,,
2019-05-28 01:26:53 UTC,707,6,8,9,6,8,9,28,616,,,,
2019-05-28 01:27:09 UTC,708,6,9,11,6,9,11,28,590,,,,
2019-05-28 01:27:25 UTC,709,5,7,9,5,7,9,28,736,,,,
2019-05-28 01:27:40 UTC,710,5,7,9,5,7,9,28,714,,,,
2019-05-28 01:27:56 UTC,711,5,7,10,5,7,10,28,755,,,,
2019-05-28 01:28:14 UTC,712,5,8,9,5,8,9,28,506,,,,
2019-05-28 01:28:30 UTC,713,5,6,7,5,6,7,28,571,,,,
2019-05-28 01:28:45 UTC,714,5,6,6,5,6,6,28,519,,,,
2019-05-28 01:29:01 UTC,715,7,9,10,7,9,10,28,727,,,,
2019-05-28 01:29:16 UTC,716,6,9,10,6,9,10,28,653,,,,
2019-05-28 01:29:32 UTC,717,6,8,9,6,8,9,28,538,,,,
2019-05-28 01:29:47 UTC,718,4,6,6,4,6,6,28,657,,,,
2019-05-28 01:30:03 UTC,719,4,7,8,4,7,8,28,506,,,,
2019-05-28 01:30:18 UTC,720,4,7,9,4,7,9,28,534,,,,
2019-05-28 01:30:34 UTC,721,4,7,7,4,7,7,28,558,,,,
2019-05-28 01:30:50 UTC,722,5,8,8,5,8,8,28,704,,,,
2019-05-28 01:31:05 UTC,723,5,7,7,5,7,7,28,612,,,,
2019-05-28 01:31:23 UTC,724,5,7,7,5,7,7,28,673,,,,
2019-05-28 01:31:39 UTC,725,5,8,10,5,8,10,28,698,,,,
2019-05-28 01:31:54 UTC,726,6,9,11,6,9,11,28,539,,,,
2019-05-28 01:32:10 UTC,727,6,7,8,6,7,8,28,689,,,,
2019-05-28 01:32:25 UTC,728,5,6,6,5,6,6,28,528,,,,
2019-05-28 01:32:41 UTC,729,5,7,8,5,7,8,28,571,,,,
2019-05-28 01:32:57 UTC,730,4,5,5,4,5,5,28,783,,,,
2019-05-28 01:33:12 UTC,731,4,4,5,4,4,5,28,758,,,,
2019-05-28 01:33:28 UTC,732,4,5,6,4,5,6,28,837,,,,
2019-05-28 01:33:43 UTC,733,5,8,9,5,8,9,28,690,,,,
2019-05-28 01:33:59 UTC,734,4,7,7,4,7,7,28,460,,,,
2019-05-28 01:34:14 UTC,735,4,6,8,4,6,8,28,884,,,,
2019-05-28 01:34:30 UTC,736,4,6,9,4,6,9,28,477,,,,
2019-05-28 01:34:45 UTC,737,4,6,6,4,6,6,28,424,,,,
2019-05-28 01:35:01 UTC,738,3,5,5,3,5,5,28,690,,,,
2019-05-28 01:35:16 UTC,739,4,5,6,4,5,6,28,782,,,,
2019-05-28 01:35:32 UTC,740,4,6,6,4,6,6,28,656,,,,
2019-05-28 01:35:48 UTC,741,4,5,5,4,5,5,28,814,,,,
2019-05-28 01:36:03 UTC,742,4,6,6,4,6,6,28,657,,,,
2019-05-28 01:36:19 UTC,743,5,5,5,5,5,5,28,445,,,,
2019-05-28 01:36:34 UTC,744,5,6,8,5,6,8,28,540,,,,
2019-05-28 01:36:50 UTC,745,4,6,8,4,6,8,28,657,,,,
2019-05-28 01:37:05 UTC,746,4,5,6,4,5,6,28,799,,,,
2019-05-28 01:37:21 UTC,747,5,7,7,5,7,7,28,576,,,,
2019-05-28 01:37:36 UTC,748,4,7,7,4,7,7,28,699,,,,
2019-05-28 01:37:52 UTC,749,3,5,6,3,5,6,28,761,,,,
2019-05-28 01:38:08 UTC,750,3,6,8,3,6,8,28,879,,,,
2019-05-28 01:38:23 UTC,751,3,5,7,3,5,7,28,629,,,,
2019-05-28 01:38:39 UTC,752,4,6,6,4,6,6,28,458,,,,
2019-05-28 01:38:54 UTC,753,4,4,6,4,4,6,28,813,,,,
2019-05-28 01:39:10 UTC,754,4,4,4,4,4,4,28,625,,,,
2019-05-28 01:39:25 UTC,755,4,5,5,4,5,5,28,650,,,,
2019-05-28 01:39:41 UTC,756,4,5,6,4,5,6,28,879,,,,
2019-05-28 01:39:56 UTC,757,4,5,6,4,5,6,28,682,,,,
2019-05-28 01:40:12 UTC,758,4,5,5,4,5,5,28,820,,,,
2019-05-28 01:40:27 UTC,759,3,4,5,3,4,5,28,675,,,,
2019-05-28 01:40:43 UTC,760,3,4,4,3,4,4,28,675,,,,
2019-05-28 01:40:58 UTC,761,3,5,5,3,5,5,28,702,,,,
2019-05-28 01:41:14 UTC,762,4,5,6,4,5,6,28,867,,,,
2019-05-28 01:41:30 UTC,763,4,6,7,4,6,7,28,716,,,,
2019-05-28 01:41:45 UTC,764,4,5,6,4,5,6,28,644,,,,
2019-05-28 01:42:01 UTC,765,4,5,5,4,5,5,28,867,,,,
2019-05-28 01:42:16 UTC,766,4,5,5,4,5,5,28,662,,,,
2019-05-28 01:42:32 UTC,767,3,5,5,3,5,5,28,739,,,,
2019-05-28 01:42:47 UTC,768,3,5,5,3,5,5,28,765,,,,
2019-05-28 01:43:03 UTC,769,4,6,6,4,6,6,28,687,,,,
2019-05-28 01:43:18 UTC,770,3,5,6,3,5,6,28,766,,,,
2019-05-28 01:43:34 UTC,771,3,4,5,3,4,5,28,696,,,,
2019-05-28 01:43:49 UTC,772,3,5,5,3,5,5,28,771,,,,
2019-05-28 01:44:05 UTC,773,3,4,5,3,4,5,28,710,,,,
2019-05-28 01:44:21 UTC,774,3,4,4,3,4,4,28,668,,,,
2019-05-28 01:44:36 UTC,775,3,4,4,3,4,4,28,624,,,,
2019-05-28 01:44:52 UTC,776,4,5,5,4,5,5,28,617,,,,
2019-05-28 01:45:07 UTC,777,4,5,5,4,5,5,28,764,,,,
2019-05-28 01:45:23 UTC,778,3,5,5,3,5,5,28,724,,,,
2019-05-28 01:45:39 UTC,779,4,5,5,4,5,5,28,815,,,,
2019-05-28 01:45:54 UTC,780,4,4,5,4,4,5,28,744,,,,
2019-05-28 01:46:10 UTC,781,3,4,4,3,4,4,28,628,,,,
2019-05-28 01:46:25 UTC,782,2,4,4,2,4,4,28,604,,,,
2019-05-28 01:46:41 UTC,783,3,4,4,3,4,4,28,629,,,,
2019-05-28 01:46:56 UTC,784,3,4,4,3,4,4,28,672,,,,
2019-05-28 01:47:12 UTC,785,2,3,3,2,3,3,28,789,,,,
2019-05-28 01:47:27 UTC,786,3,4,4,3,4,4,28,632,,,,
2019-05-28 01:47:43 UTC,787,3,5,5,3,5,5,28,696,,,,
2019-05-28 01:47:58 UTC,788,4,5,5,4,5,66,28,1282,,,,
2019-05-28 01:48:14 UTC,789,3,5,5,3,5,5,28,578,,,,
2019-05-28 01:48:29 UTC,790,3,4,4,3,4,4,28,687,,,,
2019-05-28 01:48:45 UTC,791,3,5,6,3,5,6,28,714,,,,
2019-05-28 01:49:01 UTC,792,3,5,5,3,5,5,28,613,,,,
2019-05-28 01:49:16 UTC,793,2,3,4,2,3,4,28,567,,,,
2019-05-28 01:49:32 UTC,794,3,4,4,3,4,4,28,652,,,,
2019-05-28 01:49:47 UTC,795,3,4,5,3,4,5,28,7168,,,,
2019-05-28 01:50:03 UTC,796,3,4,5,3,4,5,28,19712,,,,
2019-05-28 01:50:18 UTC,797,19712,7168,512,768,768,512,66,151,,,,
2019-05-28 01:50:34 UTC,798,2,4,4,2,4,4,28,783,,,,
2019-05-28 01:50:49 UTC,799,2,3,3,2,3,3,28,672,,,,
2019-05-28 01:51:05 UTC,800,3,4,4,3,4,4,28,768,,,,
2019-05-28 01:51:20 UTC,801,3,4,4,3,4,4,28,594,,,,
2019-05-28 01:51:36 UTC,802,3,4,4,3,4,4,28,637,,,,
2019-05-28 01:51:51 UTC,803,2,4,4,2,4,4,28,720,,,,
2019-05-28 01:52:07 UTC,804,2,3,3,2,3,3,28,516,,,,
2019-05-28 01:52:23 UTC,805,2,3,3,2,3,3,28,584,,,,
2019-05-28 01:52:41 UTC,806,3,3,4,3,3,4,28,607,,,,
2019-05-28 01:52:56 UTC,807,2,3,3,2,3,3,28,554,,,,
2019-05-28 01:53:12 UTC,808,3,4,5,3,4,5,28,1024,,,,
2019-05-28 01:53:54 UTC,809,2,3,4,2,3,4,28,520,,,,
2019-05-28 01:54:11 UTC,810,3,4,4,3,4,4,28,641,,,,
2019-05-28 01:54:27 UTC,811,2,3,3,2,3,3,28,704,,,,
2019-05-28 01:54:43 UTC,812,3,3,4,3,3,4,28,756,,,,
2019-05-28 01:54:58 UTC,813,3,4,4,3,4,4,28,559,,,,
2019-05-28 01:55:14 UTC,814,3,3,4,3,3,4,28,555,,,,
2019-05-28 01:55:29 UTC,815,3,3,3,3,3,3,28,569,,,,
2019-05-28 01:55:45 UTC,816,3,4,4,3,4,4,28,659,,,,
2019-05-28 01:56:00 UTC,817,3,4,4,3,4,4,28,626,,,,
2019-05-28 01:56:16 UTC,818,2,3,3,2,3,3,28,518,,,,
2019-05-28 01:56:31 UTC,819,3,4,4,3,4,4,28,587,,,,
2019-05-28 01:56:47 UTC,820,3,4,4,3,4,4,28,617,,,,
2019-05-28 01:57:02 UTC,821,3,4,4,3,4,4,28,615,,,,
2019-05-28 01:57:18 UTC,822,2,3,3,2,3,3,28,726,,,,
2019-05-28 01:57:34 UTC,823,3,4,4,3,4,4,28,673,,,,
2019-05-28 01:57:49 UTC,824,3,4,4,3,4,4,28,608,,,,
2019-05-28 01:58:05 UTC,825,3,4,4,3,4,4,28,633,,,,
2019-05-28 01:58:20 UTC,826,2,3,3,2,3,3,28,747,,,,
2019-05-28 01:58:36 UTC,827,2,4,4,2,4,4,28,717,,,,
2019-05-28 01:58:51 UTC,828,2,3,3,2,3,3,28,691,,,,
2019-05-28 01:59:07 UTC,829,2,2,2,2,2,2,28,652,,,,
2019-05-28 01:59:22 UTC,830,2,4,4,2,4,4,28,752,,,,
2019-05-28 01:59:38 UTC,831,3,4,5,3,4,5,28,756,,,,
2019-05-28 01:59:53 UTC,832,2,3,4,2,3,4,28,694,,,,
2019-05-28 02:00:09 UTC,833,2,3,3,2,3,3,28,738,,,,
2019-05-28 02:00:25 UTC,834,2,3,3,2,3,3,28,743,,,,
2019-05-28 02:00:40 UTC,835,2,3,3,2,3,3,28,711,,,,
2019-05-28 02:00:56 UTC,836,2,3,3,2,3,3,28,647,,,,
2019-05-28 02:01:11 UTC,837,2,3,3,2,3,3,28,745,,,,
2019-05-28 02:01:27 UTC,838,2,3,3,2,3,3,28,759,,,,
2019-05-28 02:01:42 UTC,839,2,2,3,2,2,3,28,649,,,,
2019-05-28 02:01:58 UTC,840,3,4,4,3,4,4,28,553,,,,
2019-05-28 02:02:13 UTC,841,3,3,3,3,3,3,28,537,,,,
2019-05-28 02:02:29 UTC,842,3,0,256,151,2,46146,28,1026,,,,
2019-05-28 02:02:44 UTC,843,4,4,4,4,4,4,28,721,,,,
2019-05-28 02:03:00 UTC,844,2,2,4,2,2,4,28,671,,,,
2019-05-28 02:03:16 UTC,845,2,2,2,2,2,2,28,588,,,,
2019-05-28 02:03:31 UTC,846,2,2,2,2,2,2,28,617,,,,
2019-05-28 02:03:47 UTC,847,2,3,3,2,3,3,28,688,,,,
2019-05-28 02:04:02 UTC,848,2,3,3,2,3,3,28,763,,,,
2019-05-28 02:04:18 UTC,849,2,3,3,2,3,3,28,695,,,,
2019-05-28 02:04:33 UTC,850,1,2,2,1,2,2,28,587,,,,
2019-05-28 02:04:49 UTC,851,2,2,2,2,2,2,28,576,,,,
2019-05-28 02:05:04 UTC,852,2,2,2,2,2,2,28,623,,,,
2019-05-28 02:05:20 UTC,853,2,2,2,2,2,2,28,605,,,,
2019-05-28 02:05:36 UTC,854,3,3,3,3,3,3,28,521,,,,
2019-05-28 02:05:51 UTC,855,2,3,3,2,3,3,28,516,,,,
2019-05-28 02:06:09 UTC,856,2,2,2,2,2,2,28,565,,,,
2019-05-28 02:06:25 UTC,857,2,3,3,2,3,3,28,676,,,,
2019-05-28 02:06:40 UTC,858,2,3,3,2,3,3,28,673,,,,
2019-05-28 02:06:56 UTC,859,2,3,3,2,3,3,28,706,,,,
2019-05-28 02:07:11 UTC,860,2,2,2,2,2,2,28,704,,,,
2019-05-28 02:07:27 UTC,861,1,2,3,1,2,3,28,696,,,,
2019-05-28 02:07:42 UTC,862,3,4,5,3,4,5,28,609,,,,
2019-05-28 02:07:58 UTC,863,2,3,4,2,3,4,28,752,,,,
2019-05-28 02:08:14 UTC,864,2,3,3,2,3,3,28,671,,,,
2019-05-28 02:08:29 UTC,865,2,3,3,2,3,3,28,726,,,,
2019-05-28 02:08:45 UTC,866,1,2,2,1,2,2,28,540,,,,
2019-05-28 02:09:00 UTC,867,1,2,2,1,2,2,28,558,,,,
2019-05-28 02:09:16 UTC,868,19712,7168,256,512,512,256,66,151,,,,
2019-05-28 02:09:31 UTC,869,1,2,2,1,2,2,28,541,,,,
2019-05-28 02:09:47 UTC,870,2,3,3,2,3,3,28,670,,,,
2019-05-28 02:10:02 UTC,871,2,2,2,2,2,2,28,692,,,,
2019-05-28 02:10:18 UTC,872,2,3,4,2,3,4,28,722,,,,
2019-05-28 02:10:33 UTC,873,2,4,4,2,4,4,28,703,,,,
2019-05-28 02:10:49 UTC,874,2,3,3,2,3,3,28,744,,,,
2019-05-28 02:11:05 UTC,875,2,3,3,2,3,3,28,675,,,,
2019-05-28 02:11:20 UTC,876,1,2,2,1,2,2,28,533,,,,
2019-05-28 02:11:36 UTC,877,2,3,3,2,3,3,28,640,,,,
2019-05-28 02:11:51 UTC,878,2,3,3,2,3,3,28,690,,,,
2019-05-28 02:12:07 UTC,879,2,3,3,2,3,3,28,617,,,,
2019-05-28 02:12:22 UTC,880,2,2,2,2,2,2,28,654,,,,
2019-05-28 02:12:38 UTC,881,3,3,3,3,3,3,28,568,,,,
2019-05-28 02:12:53 UTC,882,2,3,3,2,3,3,28,632,,,,
2019-05-28 02:13:09 UTC,883,1,3,3,1,3,3,28,615,,,,
2019-05-28 02:13:25 UTC,884,3,3,4,3,3,4,28,772,,,,
2019-05-28 02:13:40 UTC,885,3,3,3,3,3,3,28,764,,,,
2019-05-28 02:13:56 UTC,886,2,3,3,2,3,3,28,701,,,,
2019-05-28 02:14:11 UTC,887,2,2,2,2,2,2,28,568,,,,
2019-05-28 02:14:27 UTC,888,1,2,3,1,2,3,28,597,,,,
2019-05-28 02:14:42 UTC,889,1,3,3,1,3,3,28,600,,,,
2019-05-28 02:14:58 UTC,890,1,3,3,1,3,3,28,642,,,,
2019-05-28 02:15:13 UTC,891,2,2,3,2,2,3,28,677,,,,
2019-05-28 02:15:29 UTC,892,2,3,3,2,3,3,28,682,,,,
2019-05-28 02:15:44 UTC,893,2,2,2,2,2,2,28,580,,,,
2019-05-28 02:16:00 UTC,894,1,2,2,1,2,2,28,551,,,,
2019-05-28 02:16:15 UTC,895,1,3,3,1,3,3,28,619,,,,
2019-05-28 02:16:31 UTC,896,2,3,3,2,3,3,28,716,,,,
2019-05-28 02:16:47 UTC,897,2,3,3,2,3,3,28,692,,,,
2019-05-28 02:17:05 UTC,898,1,2,2,1,2,2,28,503,,,,
2019-05-28 02:17:20 UTC,899,1,3,3,1,3,3,28,599,,,,
2019-05-28 02:17:36 UTC,900,1,2,2,1,2,2,28,595,,,,
2019-05-28 02:17:51 UTC,901,1,2,3,1,2,3,28,19712,,,,
2019-05-28 02:18:07 UTC,902,1,3,3,1,3,3,28,612,,,,
2019-05-28 02:18:22 UTC,903,19712,7168,256,512,512,256,66,151,,,,
2019-05-28 02:18:38 UTC,904,2,3,3,2,3,3,28,664,,,,
2019-05-28 02:18:54 UTC,905,2,3,3,2,3,3,28,753,,,,
2019-05-28 02:19:09 UTC,906,1,2,2,1,2,2,28,554,,,,
2019-05-28 02:19:25 UTC,907,1,2,2,1,2,2,28,501,,,,
2019-05-28 02:19:40 UTC,908,2,3,3,2,3,3,28,641,,,,
2019-05-28 02:19:56 UTC,909,2,2,2,2,2,2,28,582,,,,
2019-05-28 02:20:11 UTC,910,2,3,3,2,3,3,28,19712,,,,
2019-05-28 02:20:27 UTC,911,2,3,4,2,3,4,28,692,,,,
2019-05-28 02:20:42 UTC,912,2,3,4,2,3,4,28,722,,,,
2019-05-28 02:20:58 UTC,913,2,2,2,2,2,2,28,602,,,,
2019-05-28 02:21:14 UTC,914,1,2,2,1,2,2,28,530,,,,
2019-05-28 02:21:29 UTC,915,1,2,2,1,2,2,28,565,,,,
2019-05-28 02:21:45 UTC,916,1,2,2,1,2,2,28,608,,,,
2019-05-28 02:22:00 UTC,917,1,2,2,1,2,2,28,516,,,,
2019-05-28 02:22:16 UTC,918,1,2,3,1,2,3,28,466,,,,
2019-05-28 02:22:31 UTC,919,1,1,2,1,1,2,28,494,,,,
2019-05-28 02:22:47 UTC,920,2,2,2,2,2,2,28,671,,,,
2019-05-28 02:23:02 UTC,921,1,2,3,1,2,3,28,583,,,,
2019-05-28 02:23:18 UTC,922,1,2,4,1,2,4,28,578,,,,
2019-05-28 02:23:34 UTC,923,1,1,2,1,1,2,28,491,,,,
2019-05-28 02:23:49 UTC,924,1,2,2,1,2,2,28,574,,,,
2019-05-28 02:24:05 UTC,925,1,2,2,1,2,2,28,536,,,,
2019-05-28 02:24:20 UTC,926,1,2,2,1,2,2,28,552,,,,
2019-05-28 02:24:54 UTC,927,2,2,2,2,2,2,28,743,,,,
2019-05-28 02:25:09 UTC,928,2,2,2,2,2,2,28,628,,,,
2019-05-28 02:25:25 UTC,929,2,2,2,2,2,2,28,654,,,,
2019-05-28 02:25:40 UTC,930,2,3,3,2,3,3,28,670,,,,
2019-05-28 02:25:56 UTC,931,2,2,2,2,2,2,28,620,,,,
2019-05-28 02:26:11 UTC,932,1,2,2,1,2,2,28,597,,,,
2019-05-28 02:26:27 UTC,933,2,3,3,2,3,3,28,648,,,,
2019-05-28 02:26:43 UTC,934,1,1,2,1,1,2,28,520,,,,
2019-05-28 02:26:58 UTC,935,1,1,2,1,1,2,28,532,,,,
2019-05-28 02:27:14 UTC,936,2,2,2,2,2,2,28,607,,,,
2019-05-28 02:27:29 UTC,937,2,2,2,2,2,2,28,573,,,,
2019-05-28 02:27:45 UTC,938,2,2,2,2,2,2,28,610,,,,
2019-05-28 02:28:00 UTC,939,1,2,2,1,2,2,28,512,,,,
2019-05-28 02:28:16 UTC,940,1,1,1,1,1,1,28,466,,,,
2019-05-28 02:28:31 UTC,941,1,2,2,1,2,2,28,604,,,,
2019-05-28 02:28:47 UTC,942,2,3,3,2,3,3,28,722,,,,
2019-05-28 02:29:02 UTC,943,2,3,3,2,3,3,28,638,,,,
2019-05-28 02:29:18 UTC,944,1,2,2,1,2,2,28,543,,,,
2019-05-28 02:29:34 UTC,945,1,2,2,1,2,2,28,577,,,,
2019-05-28 02:29:49 UTC,946,2,2,2,2,2,2,28,578,,,,
2019-05-28 02:30:06 UTC,947,1,2,2,1,2,2,28,570,,,,
2019-05-28 02:30:25 UTC,948,1,2,2,1,2,2,28,513,,,,
2019-05-28 02:30:41 UTC,949,1,1,1,1,1,1,28,502,,,,
2019-05-28 02:30:57 UTC,950,1,1,1,1,1,1,28,494,,,,
2019-05-28 02:31:12 UTC,951,1,2,2,1,2,2,28,519,,,,
2019-05-28 02:31:28 UTC,952,2,2,2,2,2,2,28,624,,,,
2019-05-28 02:31:43 UTC,953,2,3,3,2,3,3,28,693,,,,
2019-05-28 02:31:59 UTC,954,1,2,3,1,2,3,28,605,,,,
2019-05-28 02:32:14 UTC,955,1,2,2,1,2,2,28,539,,,,
2019-05-28 02:32:30 UTC,956,1,2,2,1,2,2,28,603,,,,
2019-05-28 02:32:45 UTC,957,1,2,2,1,2,2,28,574,,,,
2019-05-28 02:33:01 UTC,958,1,2,2,1,2,2,28,559,,,,
2019-05-28 02:33:17 UTC,959,2,2,2,2,2,2,28,561,,,,
2019-05-28 02:33:32 UTC,960,1,2,2,1,2,2,28,499,,,,
2019-05-28 02:33:48 UTC,961,2,2,2,2,2,2,28,559,,,,
2019-05-28 02:34:03 UTC,962,2,3,3,2,3,3,28,672,,,,
2019-05-28 02:34:19 UTC,963,1,2,2,1,2,2,28,517,,,,
2019-05-28 02:34:34 UTC,964,2,2,2,2,2,2,28,583,,,,
2019-05-28 02:34:51 UTC,965,2,3,3,2,3,3,28,657,,,,
2019-05-28 02:35:10 UTC,966,1,2,2,1,2,2,28,586,,,,
2019-05-28 02:35:26 UTC,967,1,1,1,1,1,1,28,507,,,,
2019-05-28 02:35:42 UTC,968,0,1,1,0,1,1,28,418,,,,
2019-05-28 02:36:02 UTC,969,2,2,2,2,2,2,28,631,,,,
2019-05-28 02:36:18 UTC,970,1,2,2,1,2,2,28,600,,,,
2019-05-28 02:36:33 UTC,971,1,2,2,1,2,2,28,594,,,,
2019-05-28 02:36:49 UTC,972,2,3,3,2,3,3,28,645,,,,
2019-05-28 02:37:04 UTC,973,2,2,2,2,2,2,28,574,,,,
2019-05-28 02:37:20 UTC,974,1,1,1,1,1,1,28,470,,,,
2019-05-28 02:37:35 UTC,975,1,1,1,1,1,1,28,664,,,,
2019-05-28 02:37:51 UTC,976,2,2,2,2,2,2,28,544,,,,
2019-05-28 02:38:07 UTC,977,2,2,3,2,2,3,28,590,,,,
2019-05-28 02:38:22 UTC,978,2,2,3,2,2,3,28,612,,,,
2019-05-28 02:38:38 UTC,979,2,2,2,2,2,2,28,589,,,,
2019-05-28 02:38:53 UTC,980,1,1,1,1,1,1,28,493,,,,
2019-05-28 02:39:09 UTC,981,1,1,1,1,1,1,28,477,,,,
2019-05-28 02:39:24 UTC,982,1,2,2,66,19712,7168,28,27392,,,,
2019-05-28 02:39:40 UTC,983,1,2,2,1,2,2,28,256,,,,
2019-05-28 02:39:56 UTC,984,1,2,2,1,2,2,28,256,,,,
2019-05-28 02:40:11 UTC,985,1,1,1,1,1,1,28,665,,,,
2019-05-28 02:40:27 UTC,986,1,1,1,1,1,1,28,256,,,,
2019-05-28 02:40:42 UTC,987,1,2,2,1,2,2,28,550,,,,
2019-05-28 02:40:58 UTC,988,1,2,2,1,2,2,28,537,,,,
2019-05-28 02:41:13 UTC,989,1,2,2,1,2,2,28,549,,,,
2019-05-28 02:41:29 UTC,990,1,2,2,1,2,2,28,520,,,,
2019-05-28 02:41:44 UTC,991,1,2,2,1,2,2,28,501,,,,
2019-05-28 02:42:00 UTC,992,1,1,1,1,1,1,28,486,,,,
2019-05-28 02:42:15 UTC,993,2,2,2,2,2,2,28,563,,,,
2019-05-28 02:42:31 UTC,994,2,3,3,2,3,3,28,682,,,,
2019-05-28 02:42:47 UTC,995,2,2,2,2,2,2,28,597,,,,
2019-05-28 02:43:02 UTC,996,1,2,2,1,2,2,28,509,,,,
2019-05-28 02:43:17 UTC,997,1,2,2,1,2,2,28,536,,,,
2019-05-28 02:43:33 UTC,998,2,2,2,2,2,2,28,585,,,,
2019-05-28 02:43:49 UTC,999,1,1,2,1,1,2,28,516,,,,
2019-05-28 02:44:04 UTC,1000,1,2,2,1,2,2,28,522,,,,
2019-05-28 02:44:22 UTC,1001,1,2,2,1,2,2,28,527,,,,
2019-05-28 02:44:38 UTC,1002,1,2,2,1,2,2,28,528,,,,
2019-05-28 02:44:53 UTC,1003,1,3,3,1,3,3,28,635,,,,
2019-05-28 02:45:09 UTC,1004,1,2,2,1,2,2,28,511,,,,
2019-05-28 02:45:25 UTC,1005,1,1,1,1,1,1,28,468,,,,
2019-05-28 02:45:40 UTC,1006,1,2,2,1,2,2,28,546,,,,
2019-05-28 02:45:56 UTC,1007,1,2,2,1,2,2,28,505,,,,
2019-05-28 02:46:11 UTC,1008,1,1,1,1,1,1,28,480,,,,
2019-05-28 02:46:27 UTC,1009,1,1,1,1,1,1,28,435,,,,
2019-05-28 02:46:42 UTC,1010,1,2,3,1,2,3,28,515,,,,
2019-05-28 02:46:58 UTC,1011,2,3,4,2,3,4,28,627,,,,
2019-05-28 02:47:13 UTC,1012,2,3,3,2,3,3,28,641,,,,
2019-05-28 02:47:29 UTC,1013,1,2,3,1,2,3,28,256,,,,
2019-05-28 02:47:44 UTC,1014,66,19712,7168,256,512,512,28,256,,,,
2019-05-28 02:48:00 UTC,1015,1,1,2,1,1,2,28,494,,,,
2019-05-28 02:48:15 UTC,1016,19712,7168,256,256,512,256,66,151,,,,
2019-05-28 02:48:31 UTC,1017,2,2,2,2,2,2,28,548,,,,
2019-05-28 02:48:47 UTC,1018,1,2,2,1,2,2,28,322,,,,
2019-05-28 02:49:02 UTC,1019,1,2,2,1,2,2,28,532,,,,
2019-05-28 02:49:19 UTC,1020,1,2,2,1,2,2,28,469,,,,
